id	label
id10286	female
id10286	female
id10286	female
id10286	female
id10286	female
id10286	female
id10286	female
id10286	noEnergy
id10286	female
id10286	noEnergy
id10286	female
id10286	female
id10286	female
id10286	noEnergy
id10286	female
id10286	female
id10286	noEnergy
id10286	female
id10286	female
id10286	noEnergy
id10286	female
id10286	female
id10286	female
id10286	female
id10286	female
id10286	female
id10286	female
id10286	noEnergy
id10286	female
id10286	female
id10286	female
id10286	female
id10286	female
id10286	female
id10286	female
id10286	noEnergy
id10286	female
id10286	female
id10286	noEnergy
id10286	female
id10286	female
id10286	female
id10286	male
id10286	male
id10286	female
id10286	female
id10286	noEnergy
id10286	female
id10286	female
id10286	female
id10286	female
id10286	female
id10286	female
id10286	female
id10286	female
id10286	female
id10286	noEnergy
id10286	female
id10286	female
id10286	noEnergy
id10286	female
id10286	noEnergy
id10286	female
id10286	noEnergy
id10286	female
id10286	female
id10286	female
id10286	female
id10286	female
id10286	female
id10286	female
id10286	female
id10286	female
id10286	female
id10286	female
id10286	female
id10286	female
id10286	female
id10286	female
id10286	noEnergy
id10286	female
id10286	female
id10286	female
id10286	noEnergy
id10286	female
id10286	female
id10286	female
id10286	noEnergy
id10286	female
id10286	female
id10286	female
id10286	noEnergy
id10286	female
id10286	female
id10286	noEnergy
id10286	female
id10286	noEnergy
id10286	female
id10286	noEnergy
id10286	female
id10286	noEnergy
id10286	female
id10286	noEnergy
id10286	female
id10286	female
id10286	noEnergy
id10286	female
id10286	female
id10286	female
id10286	noEnergy
id10286	female
id10286	noEnergy
id10286	female
id10286	female
id10286	female
id10286	noEnergy
id10286	female
id10286	female
id10286	noEnergy
id10286	female
id10286	female
id10286	female
id10286	noEnergy
id10286	female
id10286	female
id10286	noEnergy
id10286	female
id10286	female
id10286	noEnergy
id10286	female
id10286	female
id10286	noEnergy
id10286	female
id10286	female
id10286	noEnergy
id10286	female
id10286	noEnergy
id10286	female
id10286	female
id10286	female
id10286	male
id10286	female
id10286	noEnergy
id10286	female
id10286	noEnergy
id10286	female
id10286	female
id10286	noEnergy
id10286	female
id10286	female
id10286	female
id10286	noEnergy
id10286	female
id10286	female
id10286	noEnergy
id10286	female
id10286	noEnergy
id10286	female
id10286	noEnergy
id10286	female
id10286	noEnergy
id10286	female
id10286	female
id10286	noEnergy
id10286	female
id10286	noEnergy
id10286	female
id10286	female
id10286	noEnergy
id10286	female
id10286	female
id10286	female
id10286	female
id10286	female
id10286	female
id10286	female
id10286	female
id10286	female
id10286	female
id10286	female
id10286	female
id10286	female
id10286	noEnergy
id10286	female
id10286	noEnergy
id10286	female
id10286	noEnergy
id10286	female
id10286	noEnergy
id10286	female
id10286	noEnergy
id10286	female
id10286	noEnergy
id10286	female
id10286	female
id10286	female
id10286	female
id10286	noEnergy
id10286	female
id10286	noEnergy
id10286	female
id10286	female
id10286	female
id10286	female
id10286	noEnergy
id10286	female
id10286	female
id10286	female
id10286	noEnergy
id10286	female
id10286	female
id10286	noEnergy
id10286	female
id10286	female
id10286	female
id10286	noEnergy
id10286	female
id10286	female
id10286	female
id10286	female
id10286	noEnergy
id10286	female
id10286	noEnergy
id10286	female
id10286	female
id10286	female
id10286	noEnergy
id10286	female
id10286	female
id10286	female
id10286	noEnergy
id10286	female
id10286	female
id10286	female
id10286	noEnergy
id10286	female
id10286	noEnergy
id10286	female
id10286	female
id10286	female
id10286	female
id10286	noEnergy
id10286	female
id10286	female
id10286	female
id10286	female
id10286	female
id10286	noEnergy
id10286	female
id10286	female
id10286	noEnergy
id10286	female
id10286	female
id10286	noEnergy
id10286	female
id10286	noEnergy
id10286	male
id10286	noEnergy
id10286	female
id10286	noEnergy
id10286	male
id10286	female
id10286	female
id10286	noEnergy
id10286	female
id10286	female
id10286	female
id10286	female
id10286	noEnergy
id10286	female
id10286	female
id10286	female
id10286	noEnergy
id10286	female
id10286	noEnergy
id10286	female
id10286	female
id10286	female
id10286	female
id10285	female
id10285	noEnergy
id10285	female
id10285	female
id10285	female
id10285	female
id10285	female
id10285	female
id10285	female
id10285	female
id10285	noEnergy
id10285	female
id10285	female
id10285	noEnergy
id10285	female
id10285	female
id10285	noEnergy
id10285	female
id10285	female
id10285	female
id10285	female
id10285	female
id10285	noEnergy
id10285	female
id10285	female
id10285	female
id10285	female
id10285	female
id10285	noEnergy
id10285	female
id10285	female
id10285	female
id10285	female
id10285	female
id10285	female
id10285	female
id10285	noEnergy
id10285	female
id10285	female
id10285	female
id10285	female
id10285	female
id10285	noEnergy
id10285	female
id10285	noEnergy
id10285	female
id10285	noEnergy
id10285	female
id10285	female
id10285	female
id10285	noEnergy
id10285	female
id10285	female
id10285	noEnergy
id10285	female
id10285	female
id10285	female
id10285	female
id10285	female
id10285	female
id10285	female
id10285	female
id10285	female
id10285	female
id10285	female
id10285	female
id10285	female
id10285	female
id10285	female
id10285	female
id10285	female
id10285	female
id10285	female
id10285	female
id10285	female
id10285	female
id10285	female
id10285	female
id10285	female
id10285	noEnergy
id10285	female
id10285	female
id10285	female
id10285	female
id10285	female
id10285	female
id10285	female
id10285	female
id10285	noEnergy
id10285	female
id10285	female
id10285	female
id10285	female
id10285	noEnergy
id10285	female
id10285	noEnergy
id10285	female
id10285	female
id10285	female
id10285	female
id10285	noEnergy
id10285	female
id10285	noEnergy
id10285	female
id10285	noEnergy
id10285	female
id10285	noEnergy
id10285	female
id10285	female
id10285	female
id10285	female
id10285	female
id10285	noEnergy
id10285	female
id10285	female
id10285	female
id10285	noEnergy
id10285	female
id10285	female
id10285	noEnergy
id10285	female
id10285	female
id10285	noEnergy
id10285	female
id10285	female
id10285	noEnergy
id10285	female
id10285	female
id10285	female
id10285	female
id10285	female
id10285	female
id10285	female
id10285	female
id10280	female
id10280	female
id10280	female
id10280	female
id10280	female
id10280	female
id10280	female
id10280	noEnergy
id10280	female
id10280	female
id10280	noEnergy
id10280	female
id10280	noEnergy
id10280	female
id10280	female
id10280	female
id10280	female
id10280	female
id10280	female
id10280	female
id10280	female
id10280	noEnergy
id10280	female
id10280	noEnergy
id10280	female
id10280	female
id10280	female
id10280	noEnergy
id10280	female
id10280	noEnergy
id10280	female
id10280	noEnergy
id10280	female
id10280	female
id10280	noEnergy
id10280	female
id10280	noEnergy
id10280	female
id10280	noEnergy
id10280	female
id10280	noEnergy
id10280	noise
id10280	female
id10280	female
id10280	noEnergy
id10280	female
id10280	female
id10280	female
id10280	female
id10280	female
id10280	female
id10280	female
id10280	female
id10280	female
id10280	female
id10280	female
id10280	female
id10280	female
id10280	noEnergy
id10280	female
id10280	female
id10280	female
id10280	female
id10280	noEnergy
id10280	female
id10280	noEnergy
id10280	female
id10280	female
id10280	female
id10280	noEnergy
id10280	female
id10280	female
id10280	female
id10280	female
id10280	female
id10280	noEnergy
id10280	female
id10280	female
id10280	noEnergy
id10280	female
id10280	female
id10280	noEnergy
id10280	female
id10280	female
id10280	female
id10280	female
id10280	female
id10280	female
id10280	female
id10280	female
id10280	female
id10280	female
id10280	female
id10280	female
id10280	noEnergy
id10280	female
id10280	female
id10280	female
id10280	female
id10280	female
id10302	male
id10302	male
id10302	male
id10302	male
id10302	male
id10302	male
id10302	male
id10302	male
id10302	male
id10302	male
id10302	noEnergy
id10302	male
id10302	noEnergy
id10302	male
id10302	male
id10302	male
id10302	male
id10302	male
id10302	male
id10302	male
id10302	noEnergy
id10302	male
id10302	male
id10302	male
id10302	male
id10302	male
id10302	male
id10302	male
id10302	male
id10302	male
id10302	noEnergy
id10302	male
id10302	noEnergy
id10302	male
id10302	male
id10302	male
id10302	noEnergy
id10302	male
id10302	male
id10302	noEnergy
id10302	male
id10302	male
id10302	male
id10302	male
id10302	male
id10302	male
id10302	noEnergy
id10302	male
id10302	male
id10302	male
id10302	male
id10302	male
id10302	male
id10302	male
id10302	male
id10302	male
id10302	male
id10302	male
id10302	male
id10302	male
id10302	noEnergy
id10302	male
id10302	male
id10302	male
id10302	male
id10302	male
id10302	male
id10302	male
id10302	male
id10302	noEnergy
id10302	male
id10302	male
id10302	male
id10302	male
id10302	male
id10302	noEnergy
id10302	male
id10302	noEnergy
id10302	male
id10302	male
id10302	male
id10302	noEnergy
id10302	male
id10302	male
id10302	male
id10302	noEnergy
id10302	male
id10302	male
id10302	noEnergy
id10302	male
id10302	male
id10302	male
id10302	male
id10302	male
id10302	male
id10302	noEnergy
id10302	male
id10302	noEnergy
id10302	male
id10302	male
id10302	noEnergy
id10302	male
id10302	noEnergy
id10302	male
id10302	noEnergy
id10302	male
id10302	male
id10302	noEnergy
id10302	male
id10302	male
id10302	noEnergy
id10302	male
id10302	noEnergy
id10302	male
id10302	male
id10302	male
id10302	male
id10302	noEnergy
id10302	male
id10302	male
id10302	male
id10302	male
id10302	male
id10302	male
id10302	noEnergy
id10302	female
id10302	male
id10302	male
id10302	male
id10302	male
id10302	male
id10302	male
id10302	male
id10302	male
id10302	male
id10302	male
id10302	male
id10302	male
id10302	male
id10302	male
id10302	male
id10302	noEnergy
id10302	male
id10302	male
id10302	male
id10302	male
id10302	male
id10302	noEnergy
id10302	male
id10302	noEnergy
id10302	male
id10302	male
id10302	male
id10302	male
id10302	noEnergy
id10302	male
id10302	male
id10302	noEnergy
id10302	male
id10302	male
id10302	noEnergy
id10302	male
id10302	male
id10302	male
id10302	male
id10302	male
id10302	noEnergy
id10302	male
id10302	male
id10302	male
id10302	male
id10302	male
id10302	male
id10302	noEnergy
id10302	male
id10302	noEnergy
id10302	male
id10302	male
id10302	noEnergy
id10302	male
id10302	male
id10302	male
id10302	noEnergy
id10302	male
id10302	male
id10302	noEnergy
id10302	male
id10302	noEnergy
id10302	male
id10302	noEnergy
id10302	male
id10302	male
id10302	male
id10302	male
id10302	male
id10302	male
id10302	male
id10302	male
id10302	male
id10302	male
id10302	male
id10302	noEnergy
id10302	male
id10302	noEnergy
id10302	male
id10302	male
id10302	noEnergy
id10302	male
id10302	male
id10302	male
id10302	noEnergy
id10302	male
id10302	male
id10302	male
id10302	male
id10302	male
id10302	male
id10302	noEnergy
id10302	male
id10302	male
id10302	male
id10302	male
id10302	male
id10302	male
id10302	male
id10302	male
id10302	male
id10302	male
id10302	male
id10302	male
id10302	male
id10302	male
id10302	male
id10302	male
id10279	male
id10279	male
id10279	male
id10279	noEnergy
id10279	male
id10279	male
id10279	male
id10279	noEnergy
id10279	male
id10279	male
id10279	male
id10279	noEnergy
id10279	male
id10279	male
id10279	male
id10279	male
id10279	male
id10279	male
id10279	male
id10279	noEnergy
id10279	male
id10279	male
id10279	male
id10279	male
id10279	male
id10279	female
id10279	male
id10279	male
id10279	male
id10279	noEnergy
id10279	male
id10279	male
id10279	male
id10279	male
id10279	male
id10279	male
id10279	male
id10279	male
id10279	male
id10279	male
id10279	male
id10279	male
id10279	female
id10279	male
id10279	female
id10279	noEnergy
id10279	male
id10279	male
id10279	noEnergy
id10279	male
id10279	male
id10279	noEnergy
id10279	male
id10279	male
id10279	noEnergy
id10279	male
id10279	male
id10279	male
id10279	noEnergy
id10279	male
id10279	male
id10279	male
id10279	female
id10279	male
id10279	male
id10279	male
id10279	female
id10279	male
id10279	noEnergy
id10279	male
id10279	noEnergy
id10279	male
id10279	male
id10279	male
id10279	male
id10279	male
id10279	male
id10279	male
id10279	male
id10279	male
id10279	male
id10279	male
id10279	male
id10279	male
id10279	male
id10279	male
id10279	male
id10279	male
id10288	female
id10288	female
id10288	female
id10288	female
id10288	female
id10288	female
id10288	female
id10288	female
id10288	female
id10288	female
id10288	noEnergy
id10288	female
id10288	female
id10288	female
id10288	female
id10288	female
id10288	female
id10288	female
id10288	female
id10288	female
id10288	female
id10288	noEnergy
id10288	female
id10288	female
id10288	noEnergy
id10288	female
id10288	female
id10288	female
id10288	female
id10288	female
id10288	female
id10288	female
id10288	noEnergy
id10288	female
id10288	noEnergy
id10288	female
id10288	female
id10288	female
id10288	female
id10288	female
id10288	female
id10288	female
id10288	female
id10288	female
id10288	female
id10288	female
id10288	noEnergy
id10288	female
id10288	female
id10288	female
id10288	female
id10288	female
id10288	female
id10288	female
id10288	female
id10288	female
id10309	male
id10309	noEnergy
id10309	male
id10309	male
id10309	male
id10309	male
id10309	male
id10309	male
id10309	male
id10309	male
id10309	male
id10309	male
id10309	male
id10309	male
id10309	male
id10309	male
id10309	male
id10309	male
id10309	male
id10309	noEnergy
id10309	male
id10309	male
id10309	male
id10309	male
id10309	male
id10309	noEnergy
id10309	male
id10309	male
id10309	male
id10309	male
id10309	male
id10309	noEnergy
id10309	male
id10309	noEnergy
id10309	male
id10309	male
id10309	noEnergy
id10309	male
id10309	noEnergy
id10309	noise
id10309	noEnergy
id10309	male
id10309	noEnergy
id10309	male
id10309	male
id10309	noEnergy
id10309	male
id10309	male
id10309	noEnergy
id10309	male
id10309	noEnergy
id10309	male
id10309	male
id10309	noEnergy
id10309	male
id10309	noEnergy
id10309	male
id10309	male
id10309	noEnergy
id10309	male
id10309	male
id10309	noEnergy
id10309	male
id10309	male
id10309	noEnergy
id10309	male
id10309	noEnergy
id10309	male
id10309	noEnergy
id10309	male
id10309	noEnergy
id10309	female
id10309	male
id10309	noEnergy
id10309	male
id10309	male
id10309	male
id10309	male
id10309	noEnergy
id10309	male
id10309	male
id10309	male
id10309	noEnergy
id10309	male
id10309	noEnergy
id10309	male
id10309	noEnergy
id10309	male
id10309	noEnergy
id10309	male
id10309	male
id10309	male
id10309	noEnergy
id10309	male
id10309	noEnergy
id10309	male
id10309	noEnergy
id10309	male
id10309	noEnergy
id10309	male
id10309	noEnergy
id10309	male
id10309	noEnergy
id10309	male
id10309	noEnergy
id10309	male
id10309	noEnergy
id10309	male
id10309	male
id10309	noEnergy
id10309	male
id10309	noEnergy
id10309	male
id10309	noEnergy
id10309	male
id10309	noEnergy
id10309	male
id10309	male
id10309	noEnergy
id10309	male
id10309	noEnergy
id10309	male
id10309	noEnergy
id10309	male
id10309	male
id10309	male
id10309	noEnergy
id10309	male
id10309	noEnergy
id10309	male
id10309	noEnergy
id10309	male
id10309	noEnergy
id10309	male
id10309	male
id10309	male
id10309	male
id10309	noEnergy
id10309	male
id10309	male
id10309	male
id10309	male
id10309	male
id10309	male
id10309	noEnergy
id10309	male
id10309	male
id10309	male
id10309	noEnergy
id10309	male
id10309	male
id10309	male
id10309	male
id10309	male
id10309	noEnergy
id10309	male
id10309	male
id10309	male
id10309	male
id10309	male
id10309	male
id10309	male
id10309	noEnergy
id10309	noEnergy
id10309	male
id10309	male
id10309	male
id10309	noEnergy
id10309	noise
id10309	noEnergy
id10309	male
id10309	noEnergy
id10309	male
id10309	male
id10309	male
id10309	male
id10309	male
id10309	noEnergy
id10309	male
id10309	male
id10309	male
id10309	male
id10309	male
id10309	male
id10309	male
id10309	noEnergy
id10309	male
id10309	male
id10309	male
id10309	noEnergy
id10309	male
id10309	male
id10309	noEnergy
id10309	male
id10309	male
id10309	male
id10309	male
id10309	male
id10309	male
id10309	male
id10309	male
id10309	male
id10309	male
id10309	male
id10309	male
id10309	noEnergy
id10309	male
id10309	male
id10309	male
id10309	male
id10309	male
id10309	noEnergy
id10309	male
id10309	male
id10309	male
id10309	noEnergy
id10309	male
id10309	male
id10309	noEnergy
id10309	male
id10309	noEnergy
id10309	male
id10309	male
id10309	male
id10309	noEnergy
id10309	male
id10309	male
id10309	male
id10309	male
id10309	male
id10309	male
id10309	male
id10309	male
id10309	noEnergy
id10309	male
id10309	male
id10309	noEnergy
id10309	male
id10309	noEnergy
id10309	male
id10309	noEnergy
id10309	male
id10309	male
id10309	noEnergy
id10309	male
id10309	noEnergy
id10309	male
id10309	noEnergy
id10309	male
id10309	male
id10309	male
id10309	noEnergy
id10309	male
id10309	male
id10309	male
id10309	male
id10309	male
id10309	male
id10309	noEnergy
id10309	male
id10309	male
id10309	male
id10309	male
id10309	male
id10309	male
id10309	noEnergy
id10309	male
id10309	noEnergy
id10309	male
id10309	male
id10309	noEnergy
id10309	male
id10309	noEnergy
id10309	male
id10309	noEnergy
id10309	male
id10309	noEnergy
id10309	male
id10309	male
id10309	noEnergy
id10309	male
id10309	male
id10309	noEnergy
id10309	male
id10309	noEnergy
id10309	male
id10309	noEnergy
id10309	male
id10309	male
id10309	male
id10309	noEnergy
id10309	male
id10277	noEnergy
id10277	male
id10277	noEnergy
id10277	male
id10277	male
id10277	male
id10277	noEnergy
id10277	male
id10277	male
id10277	male
id10277	male
id10277	male
id10277	male
id10277	male
id10277	male
id10277	male
id10277	male
id10277	male
id10277	noEnergy
id10277	male
id10277	male
id10277	male
id10277	male
id10277	male
id10277	male
id10277	male
id10277	male
id10277	male
id10277	male
id10277	noEnergy
id10277	male
id10277	male
id10277	noEnergy
id10277	male
id10277	noEnergy
id10277	male
id10277	noEnergy
id10277	male
id10277	male
id10277	male
id10277	male
id10277	male
id10277	noEnergy
id10277	male
id10277	male
id10277	male
id10277	male
id10277	male
id10277	male
id10277	male
id10277	male
id10277	male
id10277	male
id10277	male
id10277	male
id10277	male
id10277	male
id10277	male
id10277	male
id10277	male
id10277	male
id10277	male
id10277	male
id10277	male
id10277	male
id10277	male
id10277	male
id10277	male
id10277	noEnergy
id10277	male
id10277	male
id10277	male
id10277	male
id10277	male
id10277	male
id10277	male
id10277	male
id10277	male
id10277	male
id10277	male
id10301	male
id10301	male
id10301	male
id10301	male
id10301	male
id10301	male
id10301	male
id10301	male
id10301	male
id10301	male
id10301	noEnergy
id10301	male
id10301	male
id10301	male
id10301	male
id10301	male
id10301	male
id10301	male
id10301	noEnergy
id10301	male
id10301	male
id10301	male
id10301	male
id10301	noEnergy
id10301	male
id10301	noEnergy
id10301	male
id10301	male
id10301	male
id10301	male
id10301	male
id10301	male
id10301	male
id10301	male
id10301	male
id10301	male
id10301	male
id10301	male
id10301	male
id10301	male
id10301	male
id10301	male
id10301	male
id10301	male
id10301	male
id10301	male
id10301	male
id10301	male
id10301	male
id10301	male
id10301	male
id10301	male
id10301	male
id10301	male
id10307	female
id10307	female
id10307	female
id10307	female
id10307	female
id10307	female
id10307	noEnergy
id10307	female
id10307	female
id10307	female
id10307	female
id10307	noEnergy
id10307	female
id10307	female
id10307	female
id10307	female
id10307	female
id10307	female
id10307	female
id10307	female
id10307	female
id10307	female
id10307	female
id10307	female
id10307	noEnergy
id10307	female
id10307	female
id10307	noEnergy
id10307	female
id10307	female
id10307	female
id10307	female
id10307	female
id10307	female
id10307	noEnergy
id10307	female
id10307	female
id10307	female
id10307	female
id10307	female
id10307	noEnergy
id10307	female
id10307	female
id10307	female
id10307	female
id10307	female
id10307	female
id10307	female
id10307	noEnergy
id10307	female
id10307	female
id10307	female
id10307	female
id10307	female
id10307	female
id10307	female
id10307	female
id10307	female
id10307	female
id10307	female
id10307	female
id10307	female
id10307	female
id10307	female
id10307	female
id10307	female
id10307	female
id10307	female
id10307	female
id10307	female
id10307	noEnergy
id10307	female
id10307	noEnergy
id10307	female
id10307	female
id10307	female
id10307	noEnergy
id10307	female
id10307	female
id10307	female
id10307	female
id10307	female
id10307	noEnergy
id10307	female
id10307	noEnergy
id10307	female
id10307	female
id10307	female
id10307	female
id10307	female
id10307	noEnergy
id10307	female
id10307	female
id10307	noEnergy
id10307	female
id10307	female
id10307	female
id10307	female
id10307	female
id10307	female
id10307	noEnergy
id10307	female
id10307	female
id10307	female
id10307	female
id10307	female
id10307	female
id10307	female
id10307	female
id10307	female
id10307	female
id10307	male
id10307	female
id10307	female
id10307	female
id10307	noEnergy
id10307	female
id10307	female
id10307	noEnergy
id10307	female
id10307	noEnergy
id10307	female
id10307	female
id10307	female
id10307	noEnergy
id10307	female
id10307	female
id10307	female
id10307	noEnergy
id10307	female
id10307	female
id10307	female
id10307	female
id10307	female
id10307	female
id10307	female
id10307	female
id10307	female
id10307	female
id10307	female
id10307	female
id10307	female
id10307	female
id10307	female
id10307	female
id10307	female
id10307	female
id10307	female
id10307	female
id10307	female
id10307	female
id10307	female
id10307	female
id10307	female
id10307	female
id10307	female
id10307	female
id10307	female
id10307	female
id10307	female
id10307	female
id10307	female
id10307	female
id10307	female
id10307	female
id10307	female
id10307	female
id10307	female
id10307	female
id10307	female
id10307	female
id10307	female
id10307	female
id10307	female
id10307	female
id10307	female
id10307	female
id10307	male
id10307	noEnergy
id10307	female
id10307	noEnergy
id10307	female
id10307	female
id10307	noEnergy
id10307	female
id10307	noEnergy
id10307	female
id10307	female
id10307	noEnergy
id10307	female
id10307	female
id10307	female
id10307	female
id10307	noEnergy
id10307	female
id10307	female
id10307	female
id10307	female
id10307	female
id10307	female
id10307	female
id10294	male
id10294	male
id10294	male
id10294	noEnergy
id10294	male
id10294	noEnergy
id10294	male
id10294	male
id10294	male
id10294	male
id10294	male
id10294	noEnergy
id10294	male
id10294	male
id10294	noEnergy
id10294	male
id10294	noEnergy
id10294	male
id10294	male
id10294	male
id10294	male
id10294	male
id10294	male
id10294	male
id10294	noEnergy
id10294	male
id10294	noEnergy
id10294	male
id10294	noEnergy
id10294	male
id10294	male
id10294	male
id10294	noEnergy
id10294	male
id10294	noEnergy
id10294	male
id10294	male
id10294	noEnergy
id10294	male
id10294	male
id10294	noEnergy
id10294	male
id10294	noEnergy
id10294	male
id10294	noEnergy
id10294	noEnergy
id10294	male
id10294	male
id10294	male
id10294	male
id10294	male
id10294	male
id10294	male
id10294	male
id10294	male
id10294	male
id10294	male
id10294	male
id10294	male
id10294	male
id10294	male
id10294	noEnergy
id10294	male
id10294	male
id10294	male
id10294	noEnergy
id10294	male
id10294	male
id10294	noEnergy
id10294	male
id10294	noEnergy
id10294	male
id10294	noEnergy
id10294	male
id10294	noEnergy
id10294	male
id10294	noEnergy
id10294	male
id10294	male
id10294	male
id10294	noEnergy
id10294	male
id10294	male
id10294	male
id10294	male
id10294	noEnergy
id10294	male
id10294	noEnergy
id10294	male
id10294	male
id10294	male
id10294	male
id10294	noEnergy
id10294	male
id10294	noEnergy
id10294	male
id10294	male
id10294	noEnergy
id10294	male
id10294	noEnergy
id10294	male
id10294	male
id10294	noEnergy
id10294	male
id10294	noEnergy
id10294	male
id10294	noEnergy
id10294	male
id10294	noEnergy
id10294	male
id10294	noEnergy
id10294	male
id10294	male
id10294	male
id10294	noEnergy
id10294	male
id10294	noEnergy
id10294	male
id10294	male
id10294	male
id10294	noEnergy
id10294	male
id10294	male
id10294	male
id10294	noEnergy
id10294	male
id10294	male
id10294	noEnergy
id10294	male
id10294	male
id10294	male
id10294	male
id10294	male
id10294	male
id10294	male
id10294	male
id10294	noEnergy
id10294	male
id10294	male
id10294	noEnergy
id10294	male
id10294	male
id10294	male
id10294	male
id10294	male
id10294	noEnergy
id10294	male
id10294	male
id10294	male
id10294	male
id10294	noEnergy
id10294	male
id10294	male
id10294	male
id10294	male
id10294	noEnergy
id10294	male
id10294	male
id10294	male
id10294	noEnergy
id10294	male
id10294	noEnergy
id10294	male
id10294	noEnergy
id10294	male
id10294	noEnergy
id10294	male
id10294	male
id10294	noEnergy
id10294	male
id10294	noEnergy
id10294	male
id10294	male
id10294	noEnergy
id10294	male
id10294	noEnergy
id10294	male
id10294	noEnergy
id10294	male
id10294	noEnergy
id10294	male
id10294	noEnergy
id10294	noEnergy
id10294	male
id10294	noEnergy
id10294	male
id10294	noEnergy
id10294	male
id10294	noEnergy
id10294	male
id10294	noEnergy
id10294	male
id10294	noEnergy
id10294	male
id10294	noEnergy
id10294	male
id10294	noEnergy
id10294	male
id10294	noEnergy
id10294	male
id10294	noEnergy
id10294	male
id10294	noEnergy
id10294	male
id10294	male
id10294	male
id10294	male
id10294	noEnergy
id10294	male
id10294	male
id10294	noEnergy
id10294	male
id10294	male
id10294	noEnergy
id10294	male
id10294	noEnergy
id10294	male
id10294	noEnergy
id10294	male
id10294	noEnergy
id10294	male
id10294	noEnergy
id10294	male
id10294	male
id10294	noEnergy
id10294	male
id10294	noise
id10294	noEnergy
id10294	male
id10294	male
id10294	noEnergy
id10294	male
id10294	male
id10294	noEnergy
id10294	male
id10294	noEnergy
id10294	male
id10294	male
id10294	noEnergy
id10294	male
id10294	noEnergy
id10294	male
id10294	male
id10294	noEnergy
id10294	male
id10294	noEnergy
id10294	male
id10294	male
id10294	noEnergy
id10294	male
id10294	male
id10294	male
id10294	male
id10294	male
id10297	male
id10297	male
id10297	male
id10297	male
id10297	male
id10297	noEnergy
id10297	male
id10297	male
id10297	noEnergy
id10297	male
id10297	male
id10297	male
id10297	male
id10297	male
id10297	male
id10297	noEnergy
id10297	male
id10297	noEnergy
id10297	male
id10297	male
id10297	male
id10297	male
id10297	noEnergy
id10297	male
id10297	noEnergy
id10297	male
id10297	noEnergy
id10297	male
id10297	male
id10297	male
id10297	male
id10297	male
id10297	noEnergy
id10297	male
id10297	male
id10297	male
id10297	noEnergy
id10297	male
id10297	noEnergy
id10297	male
id10297	male
id10297	male
id10297	male
id10297	male
id10297	noEnergy
id10297	male
id10297	male
id10297	music
id10297	male
id10297	male
id10297	male
id10297	male
id10297	male
id10297	male
id10297	male
id10297	male
id10297	male
id10297	male
id10297	male
id10297	male
id10297	noEnergy
id10297	male
id10297	male
id10297	male
id10297	male
id10297	male
id10297	male
id10297	male
id10297	noEnergy
id10297	male
id10297	noEnergy
id10297	male
id10297	noEnergy
id10297	male
id10297	male
id10297	male
id10297	male
id10297	male
id10297	male
id10297	male
id10297	male
id10297	male
id10297	male
id10297	male
id10297	male
id10297	male
id10297	male
id10297	male
id10297	male
id10297	male
id10297	male
id10297	male
id10297	male
id10297	male
id10297	male
id10297	male
id10297	male
id10297	male
id10297	male
id10297	male
id10297	male
id10297	male
id10297	male
id10299	female
id10299	female
id10299	female
id10299	female
id10299	female
id10299	female
id10299	noEnergy
id10299	female
id10299	female
id10299	noEnergy
id10299	female
id10299	noEnergy
id10299	female
id10299	noEnergy
id10299	female
id10299	female
id10299	female
id10299	noEnergy
id10299	female
id10299	noEnergy
id10299	female
id10299	female
id10299	female
id10299	female
id10299	noEnergy
id10299	female
id10299	female
id10299	noEnergy
id10299	female
id10299	female
id10299	female
id10299	female
id10299	female
id10299	female
id10299	noEnergy
id10299	female
id10299	female
id10299	female
id10299	noEnergy
id10299	female
id10299	female
id10299	female
id10299	noEnergy
id10299	female
id10299	female
id10299	female
id10299	female
id10299	female
id10299	female
id10299	male
id10299	female
id10299	female
id10299	female
id10299	male
id10299	female
id10299	female
id10299	female
id10299	noEnergy
id10299	female
id10299	female
id10299	female
id10299	female
id10299	female
id10299	female
id10299	female
id10299	female
id10299	female
id10299	female
id10299	female
id10299	female
id10299	female
id10299	female
id10306	female
id10306	female
id10306	female
id10306	female
id10306	female
id10306	noEnergy
id10306	female
id10306	noEnergy
id10306	female
id10306	female
id10306	noEnergy
id10306	female
id10306	female
id10306	noEnergy
id10306	female
id10306	noEnergy
id10306	female
id10306	female
id10306	female
id10306	female
id10306	noEnergy
id10306	female
id10306	female
id10306	female
id10306	female
id10306	female
id10306	female
id10306	female
id10306	female
id10306	female
id10306	noEnergy
id10306	female
id10306	noEnergy
id10306	female
id10306	female
id10306	female
id10306	female
id10306	female
id10306	female
id10306	female
id10306	female
id10306	female
id10306	female
id10306	female
id10306	female
id10306	female
id10306	female
id10306	female
id10306	female
id10306	female
id10306	noise
id10306	noEnergy
id10306	female
id10306	female
id10306	female
id10306	female
id10306	female
id10306	female
id10306	female
id10306	female
id10306	female
id10306	female
id10306	female
id10306	female
id10306	male
id10306	female
id10306	female
id10306	female
id10306	female
id10306	female
id10306	noEnergy
id10306	female
id10306	noise
id10306	noEnergy
id10306	female
id10306	female
id10306	female
id10306	female
id10306	female
id10306	female
id10306	female
id10306	female
id10306	female
id10306	female
id10306	female
id10306	female
id10306	female
id10306	female
id10306	noEnergy
id10306	female
id10306	female
id10306	female
id10306	female
id10306	female
id10306	female
id10306	female
id10306	female
id10306	noEnergy
id10306	female
id10306	female
id10306	female
id10306	female
id10306	female
id10306	female
id10306	female
id10306	female
id10306	noEnergy
id10306	female
id10306	female
id10306	male
id10306	female
id10306	female
id10306	female
id10306	female
id10306	female
id10306	female
id10306	female
id10306	noEnergy
id10306	female
id10306	female
id10306	female
id10306	female
id10306	female
id10306	female
id10306	female
id10306	noEnergy
id10306	female
id10306	female
id10306	female
id10306	female
id10306	female
id10306	female
id10306	noEnergy
id10306	female
id10306	female
id10306	female
id10306	female
id10306	female
id10306	female
id10306	noEnergy
id10306	female
id10306	female
id10306	female
id10306	female
id10306	female
id10306	female
id10306	female
id10306	female
id10306	noEnergy
id10306	noEnergy
id10306	female
id10306	female
id10306	female
id10306	female
id10306	female
id10306	female
id10306	female
id10306	female
id10306	female
id10306	female
id10306	female
id10306	noEnergy
id10306	female
id10306	female
id10306	male
id10306	noEnergy
id10306	female
id10306	female
id10306	female
id10306	female
id10306	female
id10306	female
id10306	female
id10306	noEnergy
id10306	female
id10306	female
id10306	female
id10306	music
id10306	female
id10306	female
id10306	female
id10306	female
id10306	female
id10306	female
id10306	female
id10306	noEnergy
id10306	female
id10306	female
id10306	female
id10306	noEnergy
id10306	female
id10306	female
id10306	female
id10306	female
id10306	female
id10306	female
id10306	female
id10306	noise
id10306	female
id10306	noEnergy
id10306	female
id10306	female
id10306	female
id10306	female
id10306	female
id10306	female
id10306	female
id10306	female
id10306	female
id10306	female
id10306	female
id10306	female
id10306	female
id10306	female
id10306	female
id10306	female
id10306	female
id10306	female
id10306	female
id10306	female
id10306	female
id10306	female
id10306	female
id10306	female
id10282	female
id10282	female
id10282	female
id10282	female
id10282	female
id10282	female
id10282	female
id10282	female
id10282	female
id10282	female
id10282	female
id10282	female
id10282	female
id10282	female
id10282	female
id10282	female
id10282	female
id10282	female
id10282	female
id10282	female
id10282	female
id10282	female
id10282	female
id10282	female
id10282	female
id10282	female
id10282	female
id10282	female
id10282	female
id10282	female
id10282	female
id10282	female
id10282	female
id10282	female
id10282	female
id10282	female
id10282	female
id10282	noEnergy
id10282	female
id10282	female
id10282	female
id10282	female
id10282	female
id10282	female
id10282	female
id10282	female
id10282	female
id10282	female
id10282	female
id10282	female
id10282	female
id10282	female
id10282	female
id10282	female
id10282	female
id10282	female
id10282	female
id10282	female
id10282	female
id10282	female
id10282	noEnergy
id10282	female
id10282	female
id10282	female
id10282	female
id10282	female
id10282	female
id10282	female
id10282	female
id10282	female
id10282	female
id10282	female
id10282	female
id10282	female
id10282	female
id10282	female
id10282	female
id10282	female
id10282	female
id10282	female
id10282	female
id10282	female
id10282	female
id10282	female
id10282	female
id10282	female
id10282	female
id10283	male
id10283	noEnergy
id10283	male
id10283	male
id10283	noEnergy
id10283	male
id10283	male
id10283	male
id10283	male
id10283	male
id10283	male
id10283	noEnergy
id10283	male
id10283	male
id10283	male
id10283	male
id10283	male
id10283	male
id10283	noEnergy
id10283	male
id10283	male
id10283	male
id10283	male
id10283	male
id10283	male
id10283	male
id10283	male
id10283	male
id10283	male
id10283	male
id10283	noEnergy
id10283	male
id10283	noEnergy
id10283	male
id10283	noEnergy
id10283	male
id10283	noEnergy
id10283	male
id10283	male
id10283	male
id10283	noEnergy
id10283	male
id10283	male
id10283	male
id10283	male
id10283	male
id10283	male
id10283	music
id10283	male
id10283	male
id10283	male
id10283	male
id10283	male
id10283	male
id10283	noEnergy
id10283	male
id10283	male
id10283	male
id10283	male
id10283	male
id10283	male
id10283	male
id10283	male
id10283	male
id10283	female
id10283	male
id10283	female
id10283	male
id10283	noEnergy
id10283	male
id10283	male
id10283	male
id10283	male
id10283	male
id10283	male
id10283	male
id10283	male
id10283	male
id10283	male
id10283	male
id10283	male
id10283	male
id10283	male
id10283	male
id10283	male
id10283	male
id10283	male
id10283	noEnergy
id10283	male
id10283	male
id10283	male
id10283	male
id10283	noEnergy
id10283	male
id10283	male
id10283	male
id10283	male
id10283	noEnergy
id10283	male
id10283	male
id10283	noEnergy
id10283	male
id10283	noEnergy
id10283	male
id10283	male
id10283	male
id10283	male
id10283	male
id10283	male
id10283	noEnergy
id10283	male
id10283	noEnergy
id10283	male
id10283	noEnergy
id10283	male
id10283	male
id10283	noEnergy
id10283	male
id10283	male
id10283	male
id10283	male
id10283	male
id10283	male
id10283	male
id10283	male
id10283	noEnergy
id10283	male
id10283	male
id10283	male
id10283	male
id10283	male
id10283	noEnergy
id10283	male
id10283	male
id10283	male
id10283	male
id10283	noEnergy
id10283	male
id10283	male
id10283	male
id10283	noEnergy
id10283	male
id10283	male
id10283	noEnergy
id10283	male
id10283	noEnergy
id10283	male
id10283	noEnergy
id10283	male
id10283	male
id10283	male
id10283	noEnergy
id10283	male
id10283	male
id10283	noEnergy
id10283	male
id10283	male
id10283	male
id10283	noEnergy
id10283	male
id10283	male
id10283	noEnergy
id10283	male
id10283	noEnergy
id10283	noise
id10283	male
id10283	male
id10283	male
id10283	male
id10283	male
id10283	noEnergy
id10283	male
id10283	male
id10283	male
id10283	noEnergy
id10283	male
id10283	noEnergy
id10283	male
id10283	noEnergy
id10283	male
id10283	male
id10283	male
id10283	male
id10283	noEnergy
id10283	male
id10283	male
id10283	male
id10283	noEnergy
id10283	male
id10283	male
id10283	male
id10283	male
id10283	male
id10283	male
id10283	male
id10283	male
id10283	male
id10283	male
id10283	male
id10283	male
id10283	male
id10283	male
id10283	male
id10283	male
id10283	male
id10283	male
id10283	male
id10283	male
id10283	noEnergy
id10283	male
id10283	male
id10283	noEnergy
id10283	male
id10283	noEnergy
id10283	male
id10283	noEnergy
id10283	male
id10283	noEnergy
id10283	male
id10283	noEnergy
id10283	male
id10283	male
id10283	male
id10283	noEnergy
id10283	male
id10283	male
id10283	male
id10283	noEnergy
id10283	male
id10283	noEnergy
id10283	male
id10283	noEnergy
id10283	male
id10283	noEnergy
id10283	male
id10283	male
id10283	male
id10283	noEnergy
id10283	male
id10283	male
id10283	male
id10283	male
id10283	male
id10283	male
id10283	male
id10283	male
id10283	noEnergy
id10283	male
id10283	noEnergy
id10283	male
id10283	male
id10283	male
id10283	male
id10283	male
id10283	male
id10283	male
id10283	male
id10283	male
id10283	male
id10283	male
id10283	male
id10283	male
id10283	male
id10283	male
id10283	male
id10283	male
id10283	male
id10283	noEnergy
id10283	male
id10283	male
id10283	male
id10283	male
id10283	male
id10283	male
id10283	male
id10283	noEnergy
id10283	male
id10283	male
id10283	noEnergy
id10283	male
id10283	male
id10283	male
id10283	male
id10283	male
id10283	noEnergy
id10283	male
id10283	male
id10283	male
id10283	male
id10283	male
id10283	male
id10283	male
id10283	male
id10283	noEnergy
id10283	male
id10283	male
id10283	male
id10283	male
id10283	male
id10283	male
id10283	male
id10283	noEnergy
id10283	male
id10283	male
id10283	noEnergy
id10283	male
id10283	male
id10283	male
id10283	noEnergy
id10283	male
id10283	male
id10283	male
id10283	male
id10283	male
id10283	male
id10283	male
id10283	male
id10283	male
id10283	male
id10283	male
id10283	male
id10283	male
id10283	male
id10283	noEnergy
id10283	male
id10283	noEnergy
id10283	male
id10283	noEnergy
id10283	male
id10283	male
id10283	male
id10283	male
id10283	male
id10283	male
id10283	male
id10283	noEnergy
id10283	male
id10283	male
id10283	noEnergy
id10283	male
id10283	male
id10283	male
id10283	male
id10283	noEnergy
id10283	male
id10283	male
id10283	male
id10283	male
id10283	male
id10283	male
id10283	male
id10283	male
id10283	noEnergy
id10283	male
id10283	male
id10283	male
id10283	male
id10283	noEnergy
id10283	male
id10273	male
id10273	male
id10273	male
id10273	male
id10273	male
id10273	male
id10273	female
id10273	male
id10273	male
id10273	male
id10273	male
id10273	male
id10273	male
id10273	male
id10273	male
id10273	noEnergy
id10273	male
id10273	male
id10273	male
id10273	male
id10273	male
id10273	noEnergy
id10273	male
id10273	male
id10273	noEnergy
id10273	male
id10273	noEnergy
id10273	male
id10273	male
id10273	male
id10273	male
id10273	male
id10273	male
id10273	noEnergy
id10273	male
id10273	male
id10273	male
id10273	noEnergy
id10273	male
id10273	male
id10273	noEnergy
id10273	male
id10273	male
id10273	male
id10273	male
id10273	male
id10273	male
id10273	male
id10273	male
id10273	male
id10273	male
id10273	male
id10273	male
id10273	male
id10273	male
id10273	male
id10273	male
id10273	male
id10273	male
id10273	male
id10273	male
id10273	male
id10273	male
id10273	male
id10273	male
id10273	female
id10273	male
id10273	male
id10273	male
id10273	male
id10273	male
id10273	male
id10273	female
id10273	male
id10273	male
id10273	male
id10273	male
id10273	male
id10273	male
id10273	male
id10273	noEnergy
id10273	male
id10273	male
id10273	male
id10273	male
id10273	male
id10273	male
id10273	male
id10273	noEnergy
id10273	male
id10273	male
id10273	male
id10273	male
id10273	male
id10273	male
id10273	male
id10273	male
id10273	male
id10273	male
id10273	male
id10273	male
id10273	male
id10273	male
id10273	male
id10273	male
id10273	male
id10273	male
id10273	male
id10273	male
id10273	male
id10273	male
id10273	male
id10273	male
id10273	male
id10273	male
id10273	male
id10273	male
id10273	male
id10273	male
id10273	male
id10273	male
id10273	male
id10273	male
id10273	male
id10273	male
id10273	female
id10273	male
id10273	noEnergy
id10273	male
id10273	noEnergy
id10273	male
id10273	male
id10273	male
id10273	male
id10273	male
id10273	male
id10273	male
id10273	noEnergy
id10273	male
id10273	male
id10273	male
id10273	male
id10273	noEnergy
id10273	male
id10273	male
id10273	male
id10273	male
id10273	male
id10273	male
id10273	male
id10273	male
id10273	male
id10273	male
id10273	male
id10273	male
id10273	male
id10273	male
id10273	male
id10273	male
id10273	male
id10273	male
id10273	male
id10273	male
id10273	male
id10273	male
id10273	male
id10273	male
id10273	male
id10273	male
id10273	noEnergy
id10273	male
id10273	male
id10273	noEnergy
id10273	male
id10273	noEnergy
id10273	male
id10273	noEnergy
id10273	male
id10273	noEnergy
id10273	male
id10273	male
id10273	male
id10273	male
id10273	male
id10273	noEnergy
id10273	male
id10273	male
id10273	male
id10273	male
id10273	male
id10273	male
id10273	male
id10273	male
id10273	male
id10273	male
id10273	male
id10273	male
id10273	male
id10273	male
id10273	male
id10273	noEnergy
id10273	male
id10273	male
id10273	male
id10273	noEnergy
id10273	male
id10273	noEnergy
id10273	male
id10273	male
id10273	noEnergy
id10273	male
id10273	male
id10273	male
id10273	male
id10273	male
id10273	male
id10273	male
id10273	noEnergy
id10273	male
id10273	male
id10273	male
id10273	male
id10273	male
id10273	noEnergy
id10273	male
id10273	male
id10273	male
id10273	male
id10273	male
id10273	male
id10273	male
id10273	male
id10273	male
id10273	male
id10273	male
id10273	noEnergy
id10273	male
id10273	male
id10273	male
id10273	male
id10273	noEnergy
id10273	male
id10273	male
id10273	noEnergy
id10273	male
id10273	noEnergy
id10273	male
id10273	male
id10273	male
id10273	male
id10273	male
id10273	noEnergy
id10273	male
id10273	male
id10273	male
id10273	male
id10273	male
id10273	noEnergy
id10273	male
id10273	noEnergy
id10273	male
id10273	male
id10273	noEnergy
id10273	male
id10273	noEnergy
id10273	male
id10273	male
id10273	noEnergy
id10273	male
id10273	male
id10273	male
id10273	noEnergy
id10273	male
id10273	male
id10273	male
id10273	male
id10273	male
id10273	male
id10273	male
id10273	male
id10273	male
id10273	male
id10273	male
id10273	male
id10273	noEnergy
id10273	male
id10273	female
id10273	male
id10273	noEnergy
id10273	male
id10273	female
id10273	male
id10273	male
id10273	male
id10273	male
id10273	male
id10273	male
id10273	noEnergy
id10273	male
id10273	male
id10273	female
id10273	male
id10273	male
id10273	male
id10273	female
id10273	male
id10273	male
id10273	male
id10273	male
id10274	male
id10274	male
id10274	male
id10274	male
id10274	male
id10274	male
id10274	male
id10274	male
id10274	male
id10274	male
id10274	male
id10274	male
id10274	male
id10274	male
id10274	noEnergy
id10274	male
id10274	male
id10274	male
id10274	male
id10274	male
id10274	male
id10274	male
id10274	male
id10274	male
id10274	noEnergy
id10274	male
id10274	male
id10274	noEnergy
id10274	male
id10274	male
id10274	noEnergy
id10274	male
id10274	male
id10274	male
id10274	male
id10274	female
id10274	male
id10274	noEnergy
id10274	male
id10274	male
id10274	female
id10274	male
id10274	male
id10274	male
id10274	male
id10274	male
id10274	female
id10274	male
id10274	male
id10274	male
id10274	male
id10274	male
id10274	male
id10274	male
id10274	male
id10274	male
id10274	male
id10274	male
id10274	male
id10274	male
id10274	male
id10274	male
id10274	male
id10274	male
id10274	male
id10276	male
id10276	noEnergy
id10276	male
id10276	noEnergy
id10276	male
id10276	male
id10276	male
id10276	male
id10276	male
id10276	noEnergy
id10276	male
id10276	male
id10276	male
id10276	male
id10276	noEnergy
id10276	male
id10276	male
id10276	male
id10276	male
id10276	noEnergy
id10276	male
id10276	male
id10276	male
id10276	noEnergy
id10276	male
id10276	noEnergy
id10276	male
id10276	noEnergy
id10276	male
id10276	noEnergy
id10276	male
id10276	male
id10276	noEnergy
id10276	male
id10276	noEnergy
id10276	male
id10276	noEnergy
id10276	male
id10276	male
id10276	male
id10276	male
id10276	male
id10276	noEnergy
id10276	male
id10276	male
id10276	noEnergy
id10276	male
id10276	male
id10276	noEnergy
id10276	male
id10276	male
id10276	male
id10276	male
id10276	male
id10276	noEnergy
id10276	male
id10276	male
id10276	male
id10276	male
id10276	male
id10276	noEnergy
id10276	male
id10276	male
id10276	noEnergy
id10276	male
id10276	noEnergy
id10276	male
id10276	male
id10276	noEnergy
id10276	male
id10276	male
id10276	noEnergy
id10276	male
id10276	male
id10276	noEnergy
id10276	male
id10276	male
id10276	male
id10276	noEnergy
id10276	male
id10276	male
id10276	noEnergy
id10276	noEnergy
id10276	male
id10276	male
id10276	noEnergy
id10276	male
id10276	male
id10276	male
id10276	male
id10276	male
id10276	male
id10276	male
id10276	male
id10276	male
id10276	noEnergy
id10276	male
id10276	male
id10276	male
id10276	noEnergy
id10276	male
id10276	male
id10276	noEnergy
id10276	male
id10276	male
id10276	male
id10276	male
id10276	male
id10276	male
id10276	male
id10276	male
id10276	male
id10276	male
id10276	male
id10276	male
id10276	male
id10276	male
id10276	male
id10276	male
id10276	male
id10276	noEnergy
id10276	female
id10276	male
id10276	male
id10276	male
id10276	male
id10276	female
id10276	male
id10276	male
id10276	male
id10276	male
id10276	male
id10276	male
id10276	male
id10276	male
id10276	male
id10276	male
id10276	noEnergy
id10276	male
id10276	male
id10276	male
id10276	noEnergy
id10276	male
id10276	male
id10276	male
id10276	noEnergy
id10276	male
id10276	noEnergy
id10276	male
id10276	male
id10276	male
id10276	noEnergy
id10276	male
id10276	noEnergy
id10276	male
id10276	male
id10276	noEnergy
id10276	female
id10276	male
id10276	noEnergy
id10276	male
id10276	noEnergy
id10276	male
id10276	noEnergy
id10276	male
id10276	noEnergy
id10276	male
id10276	male
id10276	noEnergy
id10276	male
id10276	noEnergy
id10276	male
id10276	noEnergy
id10276	male
id10276	noEnergy
id10276	male
id10276	female
id10276	noEnergy
id10276	male
id10276	noEnergy
id10276	male
id10276	noEnergy
id10276	male
id10276	noEnergy
id10276	male
id10276	male
id10276	noEnergy
id10276	male
id10276	male
id10276	male
id10276	noEnergy
id10276	male
id10276	female
id10276	male
id10276	noEnergy
id10276	male
id10276	male
id10276	noEnergy
id10276	male
id10276	male
id10276	female
id10276	male
id10276	noEnergy
id10276	male
id10276	noEnergy
id10276	male
id10276	male
id10276	noEnergy
id10276	male
id10276	male
id10276	male
id10276	male
id10276	male
id10276	male
id10276	male
id10276	male
id10276	male
id10276	male
id10276	male
id10276	male
id10276	male
id10276	male
id10276	male
id10276	male
id10276	male
id10276	male
id10276	male
id10276	male
id10276	male
id10276	male
id10276	male
id10276	male
id10276	male
id10276	male
id10276	male
id10276	male
id10276	male
id10276	male
id10276	male
id10276	male
id10276	male
id10276	male
id10276	male
id10276	male
id10276	noEnergy
id10276	male
id10276	male
id10276	male
id10276	male
id10276	female
id10276	male
id10276	male
id10276	noEnergy
id10276	male
id10276	male
id10276	noEnergy
id10276	male
id10276	noEnergy
id10276	male
id10276	noEnergy
id10276	male
id10276	noEnergy
id10276	male
id10276	male
id10276	male
id10276	male
id10276	noEnergy
id10276	male
id10276	male
id10276	male
id10276	male
id10276	male
id10276	male
id10276	male
id10276	male
id10276	noEnergy
id10276	male
id10276	noEnergy
id10276	male
id10276	male
id10276	male
id10276	male
id10276	noEnergy
id10276	male
id10276	noEnergy
id10276	male
id10276	noEnergy
id10276	male
id10276	male
id10276	noEnergy
id10276	male
id10276	noEnergy
id10276	male
id10276	noEnergy
id10276	male
id10276	male
id10276	male
id10276	noEnergy
id10276	male
id10276	noEnergy
id10276	male
id10276	male
id10276	noEnergy
id10276	male
id10276	noEnergy
id10276	male
id10276	male
id10276	male
id10276	noEnergy
id10276	male
id10276	noEnergy
id10276	male
id10276	noEnergy
id10276	male
id10276	noEnergy
id10276	male
id10276	noEnergy
id10276	male
id10276	noEnergy
id10276	male
id10298	male
id10298	noEnergy
id10298	male
id10298	male
id10298	noEnergy
id10298	male
id10298	noEnergy
id10298	male
id10298	noEnergy
id10298	male
id10298	noEnergy
id10298	male
id10298	male
id10298	noEnergy
id10298	male
id10298	noEnergy
id10298	noise
id10298	male
id10298	noEnergy
id10298	male
id10298	male
id10298	male
id10298	noEnergy
id10298	male
id10298	male
id10298	male
id10298	male
id10298	male
id10298	male
id10298	female
id10298	noEnergy
id10298	male
id10298	noEnergy
id10298	male
id10298	noEnergy
id10298	male
id10298	male
id10298	male
id10298	male
id10298	male
id10298	noEnergy
id10298	male
id10298	noEnergy
id10298	male
id10298	noEnergy
id10298	male
id10298	male
id10298	male
id10298	male
id10298	male
id10298	noEnergy
id10298	male
id10298	female
id10298	male
id10298	male
id10298	male
id10298	noEnergy
id10298	male
id10298	noEnergy
id10298	male
id10298	noEnergy
id10298	male
id10298	male
id10298	male
id10298	noEnergy
id10298	male
id10298	male
id10298	male
id10298	male
id10298	male
id10298	male
id10298	male
id10298	noEnergy
id10298	male
id10298	noEnergy
id10298	male
id10298	male
id10298	male
id10298	noEnergy
id10298	male
id10298	noEnergy
id10298	male
id10298	noEnergy
id10298	female
id10298	male
id10298	male
id10298	noEnergy
id10298	male
id10298	noEnergy
id10298	male
id10298	noEnergy
id10298	male
id10298	noEnergy
id10298	male
id10298	noEnergy
id10298	female
id10298	male
id10298	male
id10298	female
id10298	male
id10298	male
id10298	male
id10298	male
id10298	male
id10298	male
id10298	male
id10298	male
id10298	male
id10298	male
id10298	male
id10298	male
id10298	male
id10298	male
id10298	male
id10298	male
id10298	female
id10298	male
id10298	male
id10298	noEnergy
id10298	male
id10298	noEnergy
id10298	male
id10298	male
id10298	male
id10298	male
id10298	male
id10298	male
id10298	male
id10298	male
id10298	male
id10298	male
id10298	male
id10298	male
id10298	noEnergy
id10298	male
id10298	male
id10298	male
id10298	male
id10298	noEnergy
id10298	male
id10298	noEnergy
id10298	noEnergy
id10298	male
id10298	female
id10298	male
id10298	male
id10298	noEnergy
id10298	male
id10298	noEnergy
id10298	male
id10298	noEnergy
id10298	male
id10298	noEnergy
id10298	male
id10298	noEnergy
id10298	male
id10298	noise
id10298	noEnergy
id10298	male
id10298	noEnergy
id10298	male
id10298	male
id10298	noEnergy
id10298	male
id10298	male
id10298	male
id10298	noEnergy
id10298	male
id10298	male
id10298	male
id10298	noEnergy
id10298	male
id10298	noEnergy
id10298	male
id10298	male
id10298	noEnergy
id10298	male
id10298	noEnergy
id10298	male
id10298	noEnergy
id10298	male
id10298	male
id10298	male
id10298	male
id10298	male
id10298	noEnergy
id10298	male
id10298	male
id10298	noEnergy
id10298	male
id10298	noEnergy
id10298	male
id10298	male
id10298	noEnergy
id10298	male
id10298	male
id10298	noEnergy
id10298	male
id10298	noEnergy
id10298	male
id10298	male
id10298	male
id10298	male
id10298	noEnergy
id10298	male
id10298	noEnergy
id10298	male
id10298	noEnergy
id10298	male
id10298	noEnergy
id10298	male
id10298	male
id10298	noEnergy
id10298	male
id10298	male
id10298	noEnergy
id10298	male
id10298	noEnergy
id10298	male
id10298	noEnergy
id10298	male
id10298	male
id10298	female
id10298	male
id10298	noEnergy
id10298	male
id10298	noEnergy
id10298	male
id10298	male
id10298	male
id10298	noEnergy
id10298	male
id10298	noEnergy
id10298	male
id10298	male
id10298	male
id10298	male
id10298	male
id10298	male
id10298	male
id10298	noEnergy
id10298	male
id10298	male
id10298	male
id10291	noEnergy
id10291	female
id10291	female
id10291	noEnergy
id10291	female
id10291	female
id10291	female
id10291	female
id10291	female
id10291	female
id10291	female
id10291	noEnergy
id10291	female
id10291	female
id10291	female
id10291	noEnergy
id10291	female
id10291	female
id10291	female
id10291	female
id10291	female
id10291	female
id10291	female
id10291	female
id10291	female
id10291	female
id10291	female
id10291	female
id10291	female
id10291	female
id10291	female
id10291	female
id10291	female
id10291	female
id10291	female
id10291	female
id10291	female
id10291	female
id10291	female
id10291	female
id10291	female
id10291	noEnergy
id10291	female
id10291	female
id10291	female
id10291	female
id10291	female
id10291	female
id10291	female
id10291	female
id10291	female
id10291	female
id10291	female
id10291	female
id10291	female
id10291	female
id10291	female
id10291	male
id10291	noEnergy
id10291	female
id10291	female
id10291	noEnergy
id10291	female
id10291	female
id10291	female
id10291	female
id10291	noEnergy
id10291	female
id10291	female
id10291	female
id10291	female
id10291	female
id10291	female
id10291	female
id10291	female
id10291	female
id10291	female
id10291	female
id10291	female
id10291	female
id10291	female
id10291	female
id10291	female
id10291	female
id10291	female
id10291	female
id10291	female
id10291	female
id10291	female
id10291	female
id10287	female
id10287	female
id10287	female
id10287	female
id10287	female
id10287	female
id10287	female
id10287	female
id10287	female
id10287	female
id10287	female
id10287	female
id10287	female
id10287	male
id10287	female
id10287	female
id10287	female
id10287	female
id10287	female
id10287	female
id10287	female
id10287	female
id10287	female
id10287	male
id10287	female
id10287	female
id10287	female
id10287	female
id10287	female
id10287	female
id10287	female
id10287	female
id10287	female
id10287	female
id10287	female
id10287	female
id10287	female
id10287	female
id10287	female
id10287	female
id10287	female
id10287	female
id10287	female
id10287	female
id10287	female
id10287	female
id10287	male
id10287	female
id10287	male
id10287	female
id10287	female
id10287	female
id10287	female
id10305	male
id10305	male
id10305	male
id10305	male
id10305	male
id10305	male
id10305	male
id10305	male
id10305	male
id10305	male
id10305	male
id10305	male
id10305	male
id10305	male
id10305	male
id10305	male
id10305	male
id10305	male
id10305	male
id10305	male
id10305	male
id10305	female
id10305	male
id10305	music
id10305	male
id10305	male
id10305	male
id10305	female
id10305	male
id10305	noise
id10305	male
id10305	male
id10305	male
id10305	male
id10305	male
id10305	male
id10305	male
id10305	male
id10305	noEnergy
id10305	male
id10305	noEnergy
id10305	male
id10305	male
id10305	noEnergy
id10305	male
id10305	male
id10305	male
id10305	male
id10305	noEnergy
id10305	male
id10305	noEnergy
id10305	male
id10305	male
id10305	noEnergy
id10305	male
id10305	male
id10305	noEnergy
id10305	male
id10305	male
id10305	male
id10305	male
id10305	male
id10305	male
id10305	female
id10305	noEnergy
id10305	male
id10305	male
id10305	male
id10305	male
id10305	male
id10305	male
id10305	male
id10305	female
id10305	male
id10305	male
id10305	male
id10305	male
id10305	female
id10305	male
id10305	male
id10305	female
id10305	male
id10305	male
id10305	male
id10305	male
id10305	male
id10305	noEnergy
id10305	male
id10305	male
id10305	male
id10305	male
id10305	noEnergy
id10305	male
id10305	male
id10305	male
id10305	male
id10305	male
id10305	male
id10305	male
id10305	male
id10305	male
id10305	male
id10305	male
id10305	noEnergy
id10305	male
id10305	male
id10305	male
id10305	male
id10305	male
id10305	noEnergy
id10305	male
id10305	male
id10305	male
id10305	noEnergy
id10305	male
id10305	male
id10305	male
id10305	male
id10305	male
id10305	male
id10305	male
id10305	male
id10305	male
id10305	noEnergy
id10305	male
id10305	noEnergy
id10305	male
id10305	male
id10305	male
id10305	noEnergy
id10305	male
id10305	male
id10305	male
id10305	male
id10305	male
id10305	male
id10305	male
id10305	male
id10305	male
id10305	male
id10305	noEnergy
id10305	male
id10305	male
id10305	male
id10305	noEnergy
id10305	male
id10305	male
id10305	male
id10305	noEnergy
id10305	male
id10305	male
id10305	male
id10305	noEnergy
id10305	male
id10305	male
id10305	male
id10305	male
id10305	male
id10305	male
id10305	male
id10305	male
id10305	male
id10305	male
id10305	male
id10305	male
id10305	male
id10305	male
id10305	male
id10305	male
id10305	male
id10305	noEnergy
id10305	male
id10305	noEnergy
id10305	male
id10305	male
id10305	male
id10305	male
id10305	male
id10305	female
id10305	male
id10305	noEnergy
id10305	male
id10305	male
id10305	male
id10305	male
id10305	noEnergy
id10305	male
id10305	male
id10305	male
id10305	male
id10270	female
id10270	male
id10270	female
id10270	female
id10270	female
id10270	female
id10270	female
id10270	female
id10270	female
id10270	female
id10270	female
id10270	female
id10270	female
id10270	female
id10270	female
id10270	noEnergy
id10270	female
id10270	female
id10270	female
id10270	female
id10270	female
id10270	female
id10270	noEnergy
id10270	female
id10270	female
id10270	female
id10270	female
id10270	female
id10270	female
id10270	female
id10270	female
id10270	female
id10270	female
id10270	female
id10270	female
id10270	female
id10270	female
id10270	female
id10270	female
id10270	female
id10270	female
id10270	female
id10270	female
id10270	female
id10270	female
id10270	female
id10270	female
id10270	female
id10270	female
id10270	female
id10270	female
id10270	female
id10270	female
id10270	female
id10270	female
id10270	female
id10270	female
id10270	female
id10270	female
id10270	female
id10270	female
id10270	female
id10270	female
id10270	female
id10270	male
id10270	female
id10270	female
id10270	male
id10270	female
id10270	female
id10270	female
id10270	female
id10270	female
id10270	female
id10270	female
id10270	noEnergy
id10270	female
id10270	noEnergy
id10270	female
id10270	female
id10270	female
id10270	female
id10270	female
id10270	noEnergy
id10270	female
id10270	female
id10270	female
id10270	female
id10270	female
id10270	female
id10270	female
id10270	female
id10270	female
id10270	female
id10270	female
id10270	female
id10270	female
id10270	female
id10270	female
id10270	female
id10270	female
id10270	female
id10270	female
id10270	female
id10270	female
id10270	female
id10270	female
id10270	female
id10270	female
id10270	female
id10270	female
id10270	female
id10270	noEnergy
id10270	female
id10270	noEnergy
id10270	female
id10270	female
id10270	female
id10270	female
id10270	female
id10270	female
id10270	female
id10270	female
id10270	noEnergy
id10270	female
id10270	female
id10270	female
id10270	female
id10270	female
id10270	female
id10270	noEnergy
id10270	female
id10270	female
id10270	female
id10270	noEnergy
id10270	female
id10270	female
id10270	female
id10270	female
id10270	female
id10270	female
id10270	female
id10270	female
id10270	female
id10270	female
id10270	female
id10270	female
id10270	female
id10270	female
id10270	female
id10270	female
id10270	female
id10270	female
id10270	female
id10270	female
id10270	female
id10270	female
id10270	female
id10270	female
id10270	female
id10270	female
id10270	male
id10270	female
id10270	female
id10270	female
id10270	female
id10270	male
id10270	female
id10270	female
id10270	female
id10270	female
id10270	female
id10270	female
id10270	female
id10270	female
id10270	female
id10270	female
id10270	female
id10289	female
id10289	female
id10289	female
id10289	noEnergy
id10289	female
id10289	female
id10289	noEnergy
id10289	female
id10289	female
id10289	female
id10289	female
id10289	female
id10289	noEnergy
id10289	female
id10289	female
id10289	female
id10289	noEnergy
id10289	female
id10289	female
id10289	noEnergy
id10289	female
id10289	female
id10289	female
id10289	female
id10289	noEnergy
id10289	female
id10289	female
id10289	female
id10289	female
id10289	noEnergy
id10289	female
id10289	noEnergy
id10289	female
id10289	female
id10289	female
id10289	noEnergy
id10289	female
id10289	female
id10289	female
id10289	female
id10289	noEnergy
id10289	female
id10289	female
id10289	female
id10289	female
id10289	female
id10289	female
id10289	female
id10289	female
id10289	noEnergy
id10289	female
id10289	female
id10289	noEnergy
id10289	female
id10289	female
id10289	female
id10289	female
id10289	female
id10289	female
id10289	female
id10289	female
id10289	female
id10289	female
id10289	female
id10289	noEnergy
id10289	female
id10289	female
id10289	female
id10289	noEnergy
id10289	female
id10289	female
id10289	female
id10289	female
id10289	female
id10289	female
id10289	female
id10289	female
id10289	female
id10289	noEnergy
id10289	female
id10289	female
id10289	female
id10289	noEnergy
id10289	female
id10289	female
id10289	female
id10289	female
id10289	female
id10289	female
id10289	female
id10289	female
id10289	female
id10289	female
id10289	female
id10289	noEnergy
id10289	female
id10289	female
id10289	female
id10289	noEnergy
id10289	female
id10289	noEnergy
id10289	female
id10289	female
id10289	noEnergy
id10289	female
id10289	noEnergy
id10289	female
id10289	female
id10289	female
id10289	female
id10289	noEnergy
id10289	female
id10289	female
id10289	noEnergy
id10289	female
id10289	female
id10289	female
id10289	female
id10289	female
id10289	noEnergy
id10289	female
id10289	female
id10289	noEnergy
id10289	female
id10289	noEnergy
id10289	female
id10289	female
id10289	noEnergy
id10289	female
id10289	female
id10272	noEnergy
id10272	male
id10272	male
id10272	female
id10272	male
id10272	female
id10272	male
id10272	female
id10272	noEnergy
id10272	female
id10272	male
id10272	female
id10272	male
id10272	male
id10272	noEnergy
id10272	male
id10272	male
id10272	male
id10272	male
id10272	male
id10272	male
id10272	female
id10272	male
id10272	male
id10272	male
id10272	noEnergy
id10272	female
id10272	noEnergy
id10272	male
id10272	noEnergy
id10272	male
id10272	male
id10272	noEnergy
id10272	female
id10272	male
id10272	noEnergy
id10272	male
id10272	male
id10272	male
id10272	noEnergy
id10272	female
id10272	noEnergy
id10272	male
id10272	male
id10272	noEnergy
id10272	male
id10272	male
id10272	female
id10272	male
id10272	male
id10272	male
id10272	noEnergy
id10272	male
id10272	noEnergy
id10272	male
id10272	male
id10272	male
id10272	music
id10272	noEnergy
id10272	music
id10272	noEnergy
id10272	music
id10272	male
id10272	noEnergy
id10272	male
id10272	male
id10272	male
id10272	male
id10272	male
id10272	male
id10272	male
id10272	male
id10272	noEnergy
id10272	male
id10272	noEnergy
id10272	male
id10272	male
id10272	female
id10272	male
id10272	noEnergy
id10272	female
